{"Other-0.01:train": [32.628616732626135, 0.0012272282673638716, 0.0009832845259517985, 0.0007785208493301016, 0.0006163978011206457, 0.00048803606164924025, 0.0003864050083194633, 0.0003059381102900439], "Other-0.01:test": [0.05527662798291763, 0.01809847336673746, 0.016703901133650972, 0.015510767314886724, 0.014486276399360646, 0.013604105132737156, 0.01284244272784747, 0.012183157945234247], "Other-0.05:train": [27.42537847640665, 0.00048685900463386704, 0.00015139809556498503, 4.708012611975301e-05, 1.4640463390124123e-05, 4.552731395242982e-06, 1.4157586822850515e-06, 4.4025717145408585e-07], "Other-0.05:test": [0.051637618076565237, 0.013595645997543784, 0.010675109118625353, 0.009199669761589715, 0.008424533116012843, 0.008007094649868545, 0.0077789182606795735, 0.007653109088107787], "Other-0.1:train": [21.55649398600312, 0.0001508382306747899, 1.4566412674087325e-05, 1.406675066677415e-06, 1.3584228234413445e-07, 1.3118257449429856e-08, 1.2668270552103742e-09, 1.2233719257492917e-10], "Other-0.1:test": [0.04726308422283382, 0.010668707777223124, 0.008422113376309067, 0.00777800070148952, 0.007583056162765466, 0.007522979713576122, 0.0075043592106828205, 0.007498577462552238], "Other-0.2:train": [11.935936104765505, 1.4419129790785457e-05, 1.3373433647558248e-07, 1.2403572900789928e-09, 1.1504047859530825e-11, 1.0669757665745238e-13, 9.89597133787813e-16, 9.178302435525188e-18], "Other-0.2:test": [0.039094778279400916, 0.008417283332325222, 0.007582375904355946, 0.007504271093947635, 0.007496770502585957, 0.0074960483509554175, 0.007495978805482031, 0.007495972107874401], "Other-0.4:train": [1.1636647405680645, 1.2959842292954403e-07, 1.0905580008028396e-11, 9.176938362631344e-16, 7.722289013079714e-20, 6.4995492034678816e-24, 5.47131682769136e-28, 7.341191788017228e-33], "Other-0.4:test": [0.02508121344865524, 0.0075810255256579095, 0.00749674943868056, 0.007495978531153138, 0.007495971459588041, 0.00749597139471863, 0.00749597139412356, 0.007495971394118158]}