{"0-0.01:train": [18.34575614835665, 0.0013578706262210997, 0.0010936621087514877, 0.000872112166699286, 0.0006954426449858631, 0.0005545622351359152, 0.00044222090039528676, 0.0003526372918244428], "0-0.01:test": [4.232259051070915, 2.2313265357311002e-05, 3.216558431196074e-07, 2.7184325165121716e-05, 8.767143718979665e-05, 0.00017079082696352352, 0.0002682244703509846, 0.0003737388920195129], "0-0.05:train": [15.45719298884896, 0.0005532745076726081, 0.0001783047152797947, 5.746256342940924e-05, 1.8518557911929086e-05, 5.968007110553994e-06, 1.92331978769783e-06, 6.198315345847648e-07], "0-0.05:test": [3.5749666282579593, 0.00017173096492168797, 0.0006999220260333115, 0.001158415683402781, 0.0014698246403609056, 0.0016630850429387631, 0.0017781069799906613, 0.0018451150154914118], "0-0.1:train": [12.194238677948752, 0.0001776726813512405, 1.8429242778021105e-05, 1.9115881337971665e-06, 1.9828102745726424e-07, 2.0566860169443948e-08, 2.1333142290868447e-09, 2.212797462674318e-10], "0-0.1:test": [2.8313080206289167, 0.0007015686184960794, 0.0014708708478866775, 0.0017785760812581472, 0.001883894463840116, 0.0019184587166658597, 0.001929657542283884, 0.001933271229585771], "0-0.2:train": [6.827495517763005, 1.825154882228742e-05, 1.953612042030091e-07, 2.0911102109118456e-09, 2.238285708856685e-11, 2.3958196420554757e-13, 2.5644410705916395e-15, 2.7449300797610307e-17], "0-0.2:test": [1.6038472083280015, 0.0014729609754594133, 0.0018842695537227125, 0.0019297105080537053, 0.0019344426997341296, 0.0019349326195071163, 0.001934983309777155, 0.0019349885541920444], "0-0.4:train": [0.7306710438502032, 1.896262191086305e-07, 2.1281122482578192e-11, 2.388309908478536e-15, 2.6803203496714123e-19, 3.007714133781624e-23, 3.345263434227874e-27, 8.35952361502234e-32], "0-0.4:test": [0.18835119555485266, 0.0018850146497609921, 0.0019344563174837385, 0.0019349835142318146, 0.0019349890995856694, 0.0019349891587553158, 0.0019349891593821418, 0.0019349891593887765], "1-0.01:train": [171.97506723791813, 0.4767010943093191, 0.30414487376354393, 0.19425054193977734, 0.12406348983967928, 0.07923658465773448, 0.05060663984493068, 0.03232133246854636], "1-0.01:test": [65.79364650378844, 0.6778604823416171, 0.45558614879119164, 0.30977833718058717, 0.21340716968667411, 0.14926215902777995, 0.10622040076332243, 0.07707328802397813], "1-0.05:train": [145.87146459673937, 0.07879380036312082, 0.008356542261589776, 0.0008862600642173922, 9.399305081439335e-05, 9.968511454044477e-06, 1.057218802327854e-06, 1.1212422247235149e-07], "1-0.05:test": [56.39677235063348, 0.1486123198276753, 0.0335470334176198, 0.01375052871544873, 0.009178189183751984, 0.007887967007452033, 0.007488876051050268, 0.00736114348055454], "1-0.1:train": [116.26177477493388, 0.008277170224755126, 9.263169386672642e-05, 1.0366623466244881e-06, 1.1601524015072426e-08, 1.2983529290412765e-10, 1.453016282463476e-12, 1.626103602166916e-14], "1-0.1:test": [45.668417102817386, 0.03337684439474721, 0.00916376204521703, 0.007487017643291204, 0.007319538347856832, 0.007301931754028952, 0.007300070417216136, 0.007299873522883149], "1-0.2:train": [67.10844006354957, 8.995690733451257e-05, 1.1040397740569283e-08, 1.3549863591944465e-12, 1.662972713539485e-16, 2.0409881399656073e-20, 2.5117123542749248e-24, 4.539194018305948e-28], "1-0.2:test": [27.604164752610487, 0.009135137178132677, 0.007319056006855461, 0.007300062859828583, 0.007299852585286871, 0.007299850255808856, 0.0072998502300022135, 0.007299850229716541], "1-0.4:train": [9.06595036968771, 9.989647634309801e-09, 1.3864661427655737e-16, 1.9277785464299826e-24, 1.3039913870456616e-29, 1.3039913870456616e-29, 1.3039913870456616e-29, 1.3039913870456616e-29], "1-0.4:test": [5.045492633897829, 0.007318118637404366, 0.007299852380556344, 0.007299850229966403, 0.007299850229713475, 0.007299850229713475, 0.007299850229713475, 0.007299850229713475], "2-0.01:train": [17.562454435247886, 0.00023669358257413187, 0.00021807081522250919, 0.0002007073796687724, 0.00018488686918766747, 0.00017068111372167257, 0.00015803895299332623, 0.0001468440143074568], "2-0.01:test": [4.064648095802617, 0.0007512780678320989, 1.8461806081189253e-05, 0.0001927737776940663, 0.0007925031154896679, 0.0015452687346729304, 0.0023037593098948622, 0.002994265745194741], "2-0.05:train": [10.856211132503399, 0.00017055300466208858, 0.00012038097285953147, 9.247865356114316e-05, 7.506263519512864e-05, 6.267408071781771e-05, 5.301646932870062e-05, 4.510194895276291e-05], "2-0.05:test": [2.4697468355770966, 0.001555332715879078, 0.004457714016581506, 0.0052233629442601315, 0.005021253833606018, 0.004539570594937266, 0.004021355092791673, 0.0035398442479733978], "2-0.1:train": [4.730730911814333, 0.00012027597191751374, 7.502030430462413e-05, 5.2993150519789936e-05, 3.844427371407338e-05, 2.802187112558001e-05, 2.044105236286084e-05, 1.4912971055331172e-05], "2-0.1:test": [1.031950797466996, 0.004466274433692352, 0.005021482365591525, 0.004020290306523745, 0.00311115101770566, 0.002411776192666062, 0.0018831655349601834, 0.0014831799443189], "2-0.2:train": [0.004183496241359895, 7.493579864738409e-05, 3.84115780501106e-05, 2.0422053718768266e-05, 1.0868937142633079e-05, 5.784769206644289e-06, 3.078826881720059e-06, 1.6386436125214694e-06], "2-0.2:test": [0.009127178486126817, 0.005021916074307643, 0.0031090984826412814, 0.0018818172309188522, 0.0011784149483951701, 0.0007686203315591002, 0.0005246882963175335, 0.00037601866209347097], "2-0.4:train": [20.648740768316046, 9.107209947389954e+16, 3.988718443558313e+32, 1.7469537776373627e+48, 7.651198108831383e+63, 3.351023550248558e+79, 1.467660185319096e+95, 6.427965626833837e+110], "2-0.4:test": [5.374553769481726, 2.2451925362964228e+16, 9.833352845593225e+31, 4.306749935732597e+47, 1.8862432071930385e+63, 8.261249178092012e+78, 3.618209874647531e+94, 1.584680768583256e+110]}